,mean_fit_time,std_fit_time,mean_score_time,std_score_time,param_max_depth,param_max_features,param_min_samples_leaf,param_min_samples_split,param_n_estimators,params,split0_test_score,split1_test_score,split2_test_score,split3_test_score,split4_test_score,mean_test_score,std_test_score,rank_test_score
0,0.0007947921752929687,0.0007443550317799725,0.0,0.0,5,auto,1,2,100,"{'max_depth': 5, 'max_features': 'auto', 'min_samples_leaf': 1, 'min_samples_split': 2, 'n_estimators': 100}",,,,,,,,163
1,0.0005992889404296875,0.0004893250921415867,0.0,0.0,5,auto,1,2,200,"{'max_depth': 5, 'max_features': 'auto', 'min_samples_leaf': 1, 'min_samples_split': 2, 'n_estimators': 200}",,,,,,,,163
2,0.0006310462951660157,0.0005159457905939348,0.0,0.0,5,auto,1,2,300,"{'max_depth': 5, 'max_features': 'auto', 'min_samples_leaf': 1, 'min_samples_split': 2, 'n_estimators': 300}",,,,,,,,163
3,0.0005858421325683593,0.00048023954088666974,0.0,0.0,5,auto,1,5,100,"{'max_depth': 5, 'max_features': 'auto', 'min_samples_leaf': 1, 'min_samples_split': 5, 'n_estimators': 100}",,,,,,,,163
4,0.001001119613647461,7.095106182653758e-06,0.0,0.0,5,auto,1,5,200,"{'max_depth': 5, 'max_features': 'auto', 'min_samples_leaf': 1, 'min_samples_split': 5, 'n_estimators': 200}",,,,,,,,163
5,0.0007971286773681641,0.0004020533477190747,0.0,0.0,5,auto,1,5,300,"{'max_depth': 5, 'max_features': 'auto', 'min_samples_leaf': 1, 'min_samples_split': 5, 'n_estimators': 300}",,,,,,,,163
6,0.0005848407745361328,0.00047778811996512295,0.0,0.0,5,auto,1,10,100,"{'max_depth': 5, 'max_features': 'auto', 'min_samples_leaf': 1, 'min_samples_split': 10, 'n_estimators': 100}",,,,,,,,163
7,0.0005955696105957031,0.0004867196256792245,0.0,0.0,5,auto,1,10,200,"{'max_depth': 5, 'max_features': 'auto', 'min_samples_leaf': 1, 'min_samples_split': 10, 'n_estimators': 200}",,,,,,,,163
8,0.00019431114196777344,0.0003886222839355469,0.0,0.0,5,auto,1,10,300,"{'max_depth': 5, 'max_features': 'auto', 'min_samples_leaf': 1, 'min_samples_split': 10, 'n_estimators': 300}",,,,,,,,163
9,0.0,0.0,0.0,0.0,5,auto,2,2,100,"{'max_depth': 5, 'max_features': 'auto', 'min_samples_leaf': 2, 'min_samples_split': 2, 'n_estimators': 100}",,,,,,,,163
10,0.000383758544921875,0.0004702831607891645,0.0,0.0,5,auto,2,2,200,"{'max_depth': 5, 'max_features': 'auto', 'min_samples_leaf': 2, 'min_samples_split': 2, 'n_estimators': 200}",,,,,,,,163
11,0.0005743980407714843,0.0004701884563722322,0.0,0.0,5,auto,2,2,300,"{'max_depth': 5, 'max_features': 'auto', 'min_samples_leaf': 2, 'min_samples_split': 2, 'n_estimators': 300}",,,,,,,,163
12,0.0008232593536376953,0.00041323738164541324,0.0,0.0,5,auto,2,5,100,"{'max_depth': 5, 'max_features': 'auto', 'min_samples_leaf': 2, 'min_samples_split': 5, 'n_estimators': 100}",,,,,,,,163
13,0.00038280487060546873,0.0004696408265913885,0.0,0.0,5,auto,2,5,200,"{'max_depth': 5, 'max_features': 'auto', 'min_samples_leaf': 2, 'min_samples_split': 5, 'n_estimators': 200}",,,,,,,,163
14,0.0005511283874511719,0.00045424541343094295,0.0,0.0,5,auto,2,5,300,"{'max_depth': 5, 'max_features': 'auto', 'min_samples_leaf': 2, 'min_samples_split': 5, 'n_estimators': 300}",,,,,,,,163
15,0.0006039142608642578,0.0004931121506137973,0.0,0.0,5,auto,2,10,100,"{'max_depth': 5, 'max_features': 'auto', 'min_samples_leaf': 2, 'min_samples_split': 10, 'n_estimators': 100}",,,,,,,,163
16,0.0006001472473144531,0.0004900210600767837,0.0,0.0,5,auto,2,10,200,"{'max_depth': 5, 'max_features': 'auto', 'min_samples_leaf': 2, 'min_samples_split': 10, 'n_estimators': 200}",,,,,,,,163
17,0.0005978107452392578,0.0004881223311942335,0.0,0.0,5,auto,2,10,300,"{'max_depth': 5, 'max_features': 'auto', 'min_samples_leaf': 2, 'min_samples_split': 10, 'n_estimators': 300}",,,,,,,,163
18,0.0012021541595458984,0.0007448410618445581,0.0,0.0,5,auto,4,2,100,"{'max_depth': 5, 'max_features': 'auto', 'min_samples_leaf': 4, 'min_samples_split': 2, 'n_estimators': 100}",,,,,,,,163
19,0.00020008087158203126,0.0004001617431640625,0.0,0.0,5,auto,4,2,200,"{'max_depth': 5, 'max_features': 'auto', 'min_samples_leaf': 4, 'min_samples_split': 2, 'n_estimators': 200}",,,,,,,,163
20,0.0010005950927734375,5.006140712215215e-05,0.0,0.0,5,auto,4,2,300,"{'max_depth': 5, 'max_features': 'auto', 'min_samples_leaf': 4, 'min_samples_split': 2, 'n_estimators': 300}",,,,,,,,163
21,0.0007956504821777343,0.00040359051441443813,0.0,0.0,5,auto,4,5,100,"{'max_depth': 5, 'max_features': 'auto', 'min_samples_leaf': 4, 'min_samples_split': 5, 'n_estimators': 100}",,,,,,,,163
22,0.00020046234130859374,0.0004009246826171875,0.0,0.0,5,auto,4,5,200,"{'max_depth': 5, 'max_features': 'auto', 'min_samples_leaf': 4, 'min_samples_split': 5, 'n_estimators': 200}",,,,,,,,163
23,0.0010104179382324219,6.603755660908843e-05,0.0,0.0,5,auto,4,5,300,"{'max_depth': 5, 'max_features': 'auto', 'min_samples_leaf': 4, 'min_samples_split': 5, 'n_estimators': 300}",,,,,,,,163
24,0.0003971576690673828,0.00048643449331103205,0.0,0.0,5,auto,4,10,100,"{'max_depth': 5, 'max_features': 'auto', 'min_samples_leaf': 4, 'min_samples_split': 10, 'n_estimators': 100}",,,,,,,,163
25,0.0003991127014160156,0.0004888648172472698,0.0,0.0,5,auto,4,10,200,"{'max_depth': 5, 'max_features': 'auto', 'min_samples_leaf': 4, 'min_samples_split': 10, 'n_estimators': 200}",,,,,,,,163
26,0.0009699821472167969,6.20389882150793e-05,0.0,0.0,5,auto,4,10,300,"{'max_depth': 5, 'max_features': 'auto', 'min_samples_leaf': 4, 'min_samples_split': 10, 'n_estimators': 300}",,,,,,,,163
27,0.18621296882629396,0.016759812775742615,0.004605436325073242,0.0005315977863845568,5,sqrt,1,2,100,"{'max_depth': 5, 'max_features': 'sqrt', 'min_samples_leaf': 1, 'min_samples_split': 2, 'n_estimators': 100}",0.7541899441340782,0.8258426966292135,0.8089887640449438,0.8202247191011236,0.8314606741573034,0.8081413596133326,0.027980738610506595,115
28,0.3802217483520508,0.04009335699443876,0.009994173049926757,0.0022868586713991313,5,sqrt,1,2,200,"{'max_depth': 5, 'max_features': 'sqrt', 'min_samples_leaf': 1, 'min_samples_split': 2, 'n_estimators': 200}",0.770949720670391,0.8370786516853933,0.8089887640449438,0.8202247191011236,0.8314606741573034,0.8137405059318311,0.023470614750485997,38
29,0.5021101951599121,0.06652786189436599,0.011794757843017579,0.0016932282732598672,5,sqrt,1,2,300,"{'max_depth': 5, 'max_features': 'sqrt', 'min_samples_leaf': 1, 'min_samples_split': 2, 'n_estimators': 300}",0.7821229050279329,0.8370786516853933,0.8089887640449438,0.8089887640449438,0.8370786516853933,0.8148515472977215,0.0206300597123848,30
30,0.16235132217407228,0.007693498516905522,0.0044342994689941405,0.0010066565409598488,5,sqrt,1,5,100,"{'max_depth': 5, 'max_features': 'sqrt', 'min_samples_leaf': 1, 'min_samples_split': 5, 'n_estimators': 100}",0.7932960893854749,0.8370786516853933,0.8033707865168539,0.8202247191011236,0.8426966292134831,0.8193333751804657,0.018943470957806175,7
31,0.33598151206970217,0.02993172130857159,0.009172439575195312,0.0014771392881091391,5,sqrt,1,5,200,"{'max_depth': 5, 'max_features': 'sqrt', 'min_samples_leaf': 1, 'min_samples_split': 5, 'n_estimators': 200}",0.7932960893854749,0.8314606741573034,0.8089887640449438,0.8146067415730337,0.8426966292134831,0.8182097796748478,0.017285213227251708,11
32,0.5174463272094727,0.06451604032998735,0.01300048828125,0.0014111187451407625,5,sqrt,1,5,300,"{'max_depth': 5, 'max_features': 'sqrt', 'min_samples_leaf': 1, 'min_samples_split': 5, 'n_estimators': 300}",0.8044692737430168,0.8370786516853933,0.8089887640449438,0.8089887640449438,0.8370786516853933,0.8193208210407382,0.014592822613008408,9
33,0.17089509963989258,0.015250869718731118,0.00438542366027832,0.0005272513196893949,5,sqrt,1,10,100,"{'max_depth': 5, 'max_features': 'sqrt', 'min_samples_leaf': 1, 'min_samples_split': 10, 'n_estimators': 100}",0.7877094972067039,0.8370786516853933,0.8258426966292135,0.8089887640449438,0.8370786516853933,0.8193396522503296,0.018863941172683446,4
34,0.3470332145690918,0.02391595427071729,0.008563232421875,0.0005336696927373545,5,sqrt,1,10,200,"{'max_depth': 5, 'max_features': 'sqrt', 'min_samples_leaf': 1, 'min_samples_split': 10, 'n_estimators': 200}",0.776536312849162,0.8314606741573034,0.8089887640449438,0.8202247191011236,0.8314606741573034,0.8137342288619672,0.020380307069261704,40
35,0.49111552238464357,0.0074842493344929465,0.014805412292480469,0.002399659576434361,5,sqrt,1,10,300,"{'max_depth': 5, 'max_features': 'sqrt', 'min_samples_leaf': 1, 'min_samples_split': 10, 'n_estimators': 300}",0.8044692737430168,0.8370786516853933,0.797752808988764,0.8089887640449438,0.8426966292134831,0.8181972255351202,0.018154644724735863,13
36,0.18144326210021972,0.027641544697188065,0.005000686645507813,0.0005347713444076103,5,sqrt,2,2,100,"{'max_depth': 5, 'max_features': 'sqrt', 'min_samples_leaf': 2, 'min_samples_split': 2, 'n_estimators': 100}",0.7877094972067039,0.8314606741573034,0.8146067415730337,0.8202247191011236,0.848314606741573,0.8204632477559475,0.02001901756046573,1
37,0.3594691753387451,0.03323117859551611,0.009971523284912109,0.0021901252278231837,5,sqrt,2,2,200,"{'max_depth': 5, 'max_features': 'sqrt', 'min_samples_leaf': 2, 'min_samples_split': 2, 'n_estimators': 200}",0.7932960893854749,0.8370786516853933,0.8089887640449438,0.8202247191011236,0.8426966292134831,0.8204569706860838,0.01811170819136892,2
38,0.5284193992614746,0.05919164038354862,0.012001276016235352,0.0021028924038498423,5,sqrt,2,2,300,"{'max_depth': 5, 'max_features': 'sqrt', 'min_samples_leaf': 2, 'min_samples_split': 2, 'n_estimators': 300}",0.7877094972067039,0.8370786516853933,0.8089887640449438,0.8146067415730337,0.8370786516853933,0.8170924612390935,0.018623119518023493,14
39,0.18140039443969727,0.032709186114035865,0.005211353302001953,0.0003626354582437285,5,sqrt,2,5,100,"{'max_depth': 5, 'max_features': 'sqrt', 'min_samples_leaf': 2, 'min_samples_split': 5, 'n_estimators': 100}",0.8044692737430168,0.8314606741573034,0.8146067415730337,0.8146067415730337,0.8314606741573034,0.8193208210407382,0.010580790282163974,9
40,0.35327720642089844,0.018497292649590106,0.010781669616699218,0.0016263109689573288,5,sqrt,2,5,200,"{'max_depth': 5, 'max_features': 'sqrt', 'min_samples_leaf': 2, 'min_samples_split': 5, 'n_estimators': 200}",0.7821229050279329,0.8314606741573034,0.8033707865168539,0.8146067415730337,0.8426966292134831,0.8148515472977215,0.021233198085579563,30
41,0.5855586051940918,0.05418929992240789,0.016822433471679686,0.003943575806103933,5,sqrt,2,5,300,"{'max_depth': 5, 'max_features': 'sqrt', 'min_samples_leaf': 2, 'min_samples_split': 5, 'n_estimators': 300}",0.7877094972067039,0.8314606741573034,0.8089887640449438,0.8146067415730337,0.8314606741573034,0.8148452702278576,0.016265601947192353,36
42,0.1879749298095703,0.020804301899796186,0.005205297470092773,0.0007777784362875811,5,sqrt,2,10,100,"{'max_depth': 5, 'max_features': 'sqrt', 'min_samples_leaf': 2, 'min_samples_split': 10, 'n_estimators': 100}",0.7877094972067039,0.8314606741573034,0.797752808988764,0.8146067415730337,0.8258426966292135,0.8114744837110036,0.016545472680256218,86
43,0.3784843921661377,0.039301029790595056,0.010807943344116212,0.0028444907783727884,5,sqrt,2,10,200,"{'max_depth': 5, 'max_features': 'sqrt', 'min_samples_leaf': 2, 'min_samples_split': 10, 'n_estimators': 200}",0.7877094972067039,0.8370786516853933,0.8089887640449438,0.8146067415730337,0.8370786516853933,0.8170924612390935,0.018623119518023493,14
44,0.514531421661377,0.047959436362152406,0.015389680862426758,0.003249315471108423,5,sqrt,2,10,300,"{'max_depth': 5, 'max_features': 'sqrt', 'min_samples_leaf': 2, 'min_samples_split': 10, 'n_estimators': 300}",0.7932960893854749,0.8314606741573034,0.8089887640449438,0.8146067415730337,0.8370786516853933,0.8170861841692298,0.01577345350821529,20
45,0.18325700759887695,0.022585189233918942,0.006601715087890625,0.001959997006028327,5,sqrt,4,2,100,"{'max_depth': 5, 'max_features': 'sqrt', 'min_samples_leaf': 4, 'min_samples_split': 2, 'n_estimators': 100}",0.776536312849162,0.8370786516853933,0.8146067415730337,0.8146067415730337,0.8370786516853933,0.8159814198732033,0.02213541203262568,23
46,0.32622294425964354,0.023949230715354503,0.00878591537475586,0.0016305171836225442,5,sqrt,4,2,200,"{'max_depth': 5, 'max_features': 'sqrt', 'min_samples_leaf': 4, 'min_samples_split': 2, 'n_estimators': 200}",0.776536312849162,0.8258426966292135,0.8089887640449438,0.8089887640449438,0.8370786516853933,0.8114870378507314,0.020469741374914165,75
47,0.45319676399230957,0.01889015144028189,0.011238908767700196,0.0007636156751033904,5,sqrt,4,2,300,"{'max_depth': 5, 'max_features': 'sqrt', 'min_samples_leaf': 4, 'min_samples_split': 2, 'n_estimators': 300}",0.7877094972067039,0.8258426966292135,0.8202247191011236,0.8202247191011236,0.8314606741573034,0.8170924612390935,0.015270840289929834,14
48,0.18243718147277832,0.022838859598756017,0.005201101303100586,0.0009792866954855528,5,sqrt,4,5,100,"{'max_depth': 5, 'max_features': 'sqrt', 'min_samples_leaf': 4, 'min_samples_split': 5, 'n_estimators': 100}",0.776536312849162,0.8258426966292135,0.797752808988764,0.8146067415730337,0.8258426966292135,0.8081162513338773,0.018842895961611456,123
49,0.3735505104064941,0.02650793655368592,0.012417459487915039,0.0018205079529066295,5,sqrt,4,5,200,"{'max_depth': 5, 'max_features': 'sqrt', 'min_samples_leaf': 4, 'min_samples_split': 5, 'n_estimators': 200}",0.776536312849162,0.8370786516853933,0.8146067415730337,0.8089887640449438,0.8314606741573034,0.8137342288619672,0.02128922079468261,40
50,0.5663914203643798,0.036510076997339005,0.01519155502319336,0.0021364455295772027,5,sqrt,4,5,300,"{'max_depth': 5, 'max_features': 'sqrt', 'min_samples_leaf': 4, 'min_samples_split': 5, 'n_estimators': 300}",0.7821229050279329,0.8314606741573034,0.8089887640449438,0.8146067415730337,0.8314606741573034,0.8137279517921033,0.0181714613496539,46
51,0.18219895362854005,0.007808674548558208,0.005401468276977539,0.0004901223935790753,5,sqrt,4,10,100,"{'max_depth': 5, 'max_features': 'sqrt', 'min_samples_leaf': 4, 'min_samples_split': 10, 'n_estimators': 100}",0.7821229050279329,0.8370786516853933,0.797752808988764,0.8146067415730337,0.8258426966292135,0.8114807607808675,0.01960423082297,81
52,0.31083264350891116,0.03516740346302902,0.006405067443847656,0.0010242154629137915,5,sqrt,4,10,200,"{'max_depth': 5, 'max_features': 'sqrt', 'min_samples_leaf': 4, 'min_samples_split': 10, 'n_estimators': 200}",0.770949720670391,0.8314606741573034,0.8146067415730337,0.8146067415730337,0.8258426966292135,0.811493314920595,0.02129680762965569,72
53,0.4732044696807861,0.03905691033708274,0.014188241958618165,0.0017422429170257344,5,sqrt,4,10,300,"{'max_depth': 5, 'max_features': 'sqrt', 'min_samples_leaf': 4, 'min_samples_split': 10, 'n_estimators': 300}",0.7932960893854749,0.8370786516853933,0.8089887640449438,0.8146067415730337,0.8258426966292135,0.8159625886636117,0.01488453823014032,26
54,0.18902144432067872,0.016426813474650446,0.005581378936767578,0.001001320134308599,5,log2,1,2,100,"{'max_depth': 5, 'max_features': 'log2', 'min_samples_leaf': 1, 'min_samples_split': 2, 'n_estimators': 100}",0.7932960893854749,0.8314606741573034,0.8146067415730337,0.8202247191011236,0.8370786516853933,0.8193333751804659,0.015251505037364495,5
55,0.35995283126831057,0.01151383542219508,0.01120443344116211,0.0015963743318565113,5,log2,1,2,200,"{'max_depth': 5, 'max_features': 'log2', 'min_samples_leaf': 1, 'min_samples_split': 2, 'n_estimators': 200}",0.7877094972067039,0.8258426966292135,0.8089887640449438,0.8089887640449438,0.8426966292134831,0.8148452702278577,0.018447704960758718,34
56,0.5885433673858642,0.03587892455974138,0.015596866607666016,0.004586248562334443,5,log2,1,2,300,"{'max_depth': 5, 'max_features': 'log2', 'min_samples_leaf': 1, 'min_samples_split': 2, 'n_estimators': 300}",0.7932960893854749,0.8370786516853933,0.8089887640449438,0.8089887640449438,0.8426966292134831,0.8182097796748478,0.018688961199632106,11
57,0.19525327682495117,0.00904972511090408,0.006864738464355469,0.003014182633315026,5,log2,1,5,100,"{'max_depth': 5, 'max_features': 'log2', 'min_samples_leaf': 1, 'min_samples_split': 5, 'n_estimators': 100}",0.7877094972067039,0.8370786516853933,0.8202247191011236,0.8089887640449438,0.8314606741573034,0.8170924612390935,0.01757687613813216,14
58,0.4005912780761719,0.03578842760777325,0.011405277252197265,0.0033208195766935514,5,log2,1,5,200,"{'max_depth': 5, 'max_features': 'log2', 'min_samples_leaf': 1, 'min_samples_split': 5, 'n_estimators': 200}",0.7932960893854749,0.8314606741573034,0.8089887640449438,0.8146067415730337,0.8314606741573034,0.8159625886636117,0.014454231550727954,26
59,0.5554049015045166,0.02607329694253733,0.014774417877197266,0.0027703421427998486,5,log2,1,5,300,"{'max_depth': 5, 'max_features': 'log2', 'min_samples_leaf': 1, 'min_samples_split': 5, 'n_estimators': 300}",0.7988826815642458,0.8314606741573034,0.797752808988764,0.8146067415730337,0.8426966292134831,0.817079907099366,0.017741562497818834,22
60,0.18820300102233886,0.027549535893059227,0.004798316955566406,0.0007330755828205447,5,log2,1,10,100,"{'max_depth': 5, 'max_features': 'log2', 'min_samples_leaf': 1, 'min_samples_split': 10, 'n_estimators': 100}",0.7932960893854749,0.8314606741573034,0.797752808988764,0.8089887640449438,0.8314606741573034,0.8125918021467579,0.016233119197324637,65
61,0.34624428749084474,0.0148414422160268,0.008417797088623048,0.0018499352253752064,5,log2,1,10,200,"{'max_depth': 5, 'max_features': 'log2', 'min_samples_leaf': 1, 'min_samples_split': 10, 'n_estimators': 200}",0.7932960893854749,0.8314606741573034,0.8089887640449438,0.8146067415730337,0.8314606741573034,0.8159625886636117,0.014454231550727954,26
62,0.4340106964111328,0.009757595566217726,0.01141514778137207,0.001764507826303523,5,log2,1,10,300,"{'max_depth': 5, 'max_features': 'log2', 'min_samples_leaf': 1, 'min_samples_split': 10, 'n_estimators': 300}",0.8044692737430168,0.8258426966292135,0.8089887640449438,0.8202247191011236,0.8426966292134831,0.8204444165463561,0.013496576048936716,3
63,0.14602179527282716,0.005226077629384244,0.004172325134277344,0.0007272510646845489,5,log2,2,2,100,"{'max_depth': 5, 'max_features': 'log2', 'min_samples_leaf': 2, 'min_samples_split': 2, 'n_estimators': 100}",0.7877094972067039,0.8258426966292135,0.8146067415730337,0.8146067415730337,0.8258426966292135,0.8137216747222397,0.013943015526773052,48
64,0.3168344020843506,0.026478737594354845,0.009184694290161133,0.0015994854126562738,5,log2,2,2,200,"{'max_depth': 5, 'max_features': 'log2', 'min_samples_leaf': 2, 'min_samples_split': 2, 'n_estimators': 200}",0.7821229050279329,0.8314606741573034,0.8089887640449438,0.8033707865168539,0.8314606741573034,0.8114807607808675,0.018613217356301927,81
65,0.42681188583374025,0.007292507630555496,0.01022648811340332,0.0015378729115355862,5,log2,2,2,300,"{'max_depth': 5, 'max_features': 'log2', 'min_samples_leaf': 2, 'min_samples_split': 2, 'n_estimators': 300}",0.7932960893854749,0.8370786516853933,0.8089887640449438,0.8202247191011236,0.8370786516853933,0.8193333751804659,0.01682578617225809,5
66,0.1473611354827881,0.007428813418905817,0.005443954467773437,0.0008184385894065633,5,log2,2,5,100,"{'max_depth': 5, 'max_features': 'log2', 'min_samples_leaf': 2, 'min_samples_split': 5, 'n_estimators': 100}",0.7821229050279329,0.8370786516853933,0.8146067415730337,0.8033707865168539,0.8314606741573034,0.8137279517921036,0.019832431787206825,44
67,0.3013857364654541,0.011090617117299171,0.007810068130493164,0.0013132083857495978,5,log2,2,5,200,"{'max_depth': 5, 'max_features': 'log2', 'min_samples_leaf': 2, 'min_samples_split': 5, 'n_estimators': 200}",0.7877094972067039,0.8314606741573034,0.8033707865168539,0.8202247191011236,0.8370786516853933,0.8159688657334756,0.018226546510754334,25
68,0.44821505546569823,0.039173686043679275,0.012601709365844727,0.0023337126381046515,5,log2,2,5,300,"{'max_depth': 5, 'max_features': 'log2', 'min_samples_leaf': 2, 'min_samples_split': 5, 'n_estimators': 300}",0.7988826815642458,0.8370786516853933,0.8089887640449438,0.8202247191011236,0.8314606741573034,0.819327098110602,0.014057043534232006,8
69,0.14061279296875,0.005522400524028085,0.004400014877319336,0.0008006117754253719,5,log2,2,10,100,"{'max_depth': 5, 'max_features': 'log2', 'min_samples_leaf': 2, 'min_samples_split': 10, 'n_estimators': 100}",0.7821229050279329,0.8258426966292135,0.797752808988764,0.8146067415730337,0.8426966292134831,0.8126043562864854,0.02113998779442681,58
70,0.2788501739501953,0.012036499813172874,0.007557106018066406,0.0016477354863651992,5,log2,2,10,200,"{'max_depth': 5, 'max_features': 'log2', 'min_samples_leaf': 2, 'min_samples_split': 10, 'n_estimators': 200}",0.7821229050279329,0.8258426966292135,0.8089887640449438,0.8146067415730337,0.8426966292134831,0.8148515472977215,0.020008748749776,30
71,0.45281476974487306,0.03498612865378032,0.011779356002807616,0.0019475665383374625,5,log2,2,10,300,"{'max_depth': 5, 'max_features': 'log2', 'min_samples_leaf': 2, 'min_samples_split': 10, 'n_estimators': 300}",0.7821229050279329,0.8370786516853933,0.8089887640449438,0.8089887640449438,0.8370786516853933,0.8148515472977215,0.0206300597123848,30
72,0.13580889701843263,0.00428461252630736,0.004974508285522461,0.0008923842069076013,5,log2,4,2,100,"{'max_depth': 5, 'max_features': 'log2', 'min_samples_leaf': 4, 'min_samples_split': 2, 'n_estimators': 100}",0.7932960893854749,0.8370786516853933,0.797752808988764,0.8089887640449438,0.8314606741573034,0.8137153976523759,0.01763422768055888,50
73,0.274781608581543,0.004013463680528373,0.008430147171020507,0.0015147774543555086,5,log2,4,2,200,"{'max_depth': 5, 'max_features': 'log2', 'min_samples_leaf': 4, 'min_samples_split': 2, 'n_estimators': 200}",0.7877094972067039,0.8370786516853933,0.8033707865168539,0.8146067415730337,0.8314606741573034,0.8148452702278576,0.01810229680777425,36
74,0.4091957092285156,0.006658050605287903,0.010788917541503906,0.0007726768097755685,5,log2,4,2,300,"{'max_depth': 5, 'max_features': 'log2', 'min_samples_leaf': 4, 'min_samples_split': 2, 'n_estimators': 300}",0.7877094972067039,0.8314606741573034,0.8089887640449438,0.8089887640449438,0.8370786516853933,0.8148452702278577,0.017750168481293484,34
75,0.13520116806030275,0.005707345985918062,0.004596138000488281,0.0011946252685270194,5,log2,4,5,100,"{'max_depth': 5, 'max_features': 'log2', 'min_samples_leaf': 4, 'min_samples_split': 5, 'n_estimators': 100}",0.7877094972067039,0.8258426966292135,0.8033707865168539,0.8146067415730337,0.8314606741573034,0.8125980792166217,0.01574697779128312,63
76,0.367737865447998,0.08177335762633263,0.00938568115234375,0.0020809256986613492,5,log2,4,5,200,"{'max_depth': 5, 'max_features': 'log2', 'min_samples_leaf': 4, 'min_samples_split': 5, 'n_estimators': 200}",0.7877094972067039,0.8258426966292135,0.797752808988764,0.8146067415730337,0.8258426966292135,0.8103508882053857,0.015293454355844852,101
77,0.5942042827606201,0.020898684848020106,0.015157985687255859,0.003717607699801082,5,log2,4,5,300,"{'max_depth': 5, 'max_features': 'log2', 'min_samples_leaf': 4, 'min_samples_split': 5, 'n_estimators': 300}",0.776536312849162,0.8314606741573034,0.8089887640449438,0.8146067415730337,0.8314606741573034,0.8126106333563492,0.020145009614155843,56
78,0.20292177200317382,0.02650767531822233,0.006171989440917969,0.0013043437339090391,5,log2,4,10,100,"{'max_depth': 5, 'max_features': 'log2', 'min_samples_leaf': 4, 'min_samples_split': 10, 'n_estimators': 100}",0.7653631284916201,0.8258426966292135,0.797752808988764,0.8089887640449438,0.8258426966292135,0.804758018956751,0.022396682033550365,144
79,0.4205929756164551,0.01642240904596673,0.012793779373168945,0.0024005643601853702,5,log2,4,10,200,"{'max_depth': 5, 'max_features': 'log2', 'min_samples_leaf': 4, 'min_samples_split': 10, 'n_estimators': 200}",0.7877094972067039,0.8370786516853933,0.8202247191011236,0.8089887640449438,0.8314606741573034,0.8170924612390935,0.01757687613813216,14
80,0.6357347965240479,0.0397209047535591,0.01718616485595703,0.0027813264884084966,5,log2,4,10,300,"{'max_depth': 5, 'max_features': 'log2', 'min_samples_leaf': 4, 'min_samples_split': 10, 'n_estimators': 300}",0.7877094972067039,0.8370786516853933,0.8089887640449438,0.8202247191011236,0.8314606741573034,0.8170924612390935,0.01757687613813216,14
81,0.000814056396484375,0.0004083478909989821,0.0,0.0,10,auto,1,2,100,"{'max_depth': 10, 'max_features': 'auto', 'min_samples_leaf': 1, 'min_samples_split': 2, 'n_estimators': 100}",,,,,,,,163
82,0.0006070613861083984,0.0004958724364820558,0.0,0.0,10,auto,1,2,200,"{'max_depth': 10, 'max_features': 'auto', 'min_samples_leaf': 1, 'min_samples_split': 2, 'n_estimators': 200}",,,,,,,,163
83,0.0006153583526611328,0.0005054365462813895,0.0,0.0,10,auto,1,2,300,"{'max_depth': 10, 'max_features': 'auto', 'min_samples_leaf': 1, 'min_samples_split': 2, 'n_estimators': 300}",,,,,,,,163
84,0.0005889892578125,0.0004833049957421898,0.0,0.0,10,auto,1,5,100,"{'max_depth': 10, 'max_features': 'auto', 'min_samples_leaf': 1, 'min_samples_split': 5, 'n_estimators': 100}",,,,,,,,163
85,0.0009865283966064454,1.204747741157595e-05,0.0,0.0,10,auto,1,5,200,"{'max_depth': 10, 'max_features': 'auto', 'min_samples_leaf': 1, 'min_samples_split': 5, 'n_estimators': 200}",,,,,,,,163
86,0.000789642333984375,0.00039602533134880613,0.0,0.0,10,auto,1,5,300,"{'max_depth': 10, 'max_features': 'auto', 'min_samples_leaf': 1, 'min_samples_split': 5, 'n_estimators': 300}",,,,,,,,163
87,0.0009964466094970702,0.0006328223688494267,0.0,0.0,10,auto,1,10,100,"{'max_depth': 10, 'max_features': 'auto', 'min_samples_leaf': 1, 'min_samples_split': 10, 'n_estimators': 100}",,,,,,,,163
88,0.0006246089935302735,0.0005102142975688211,0.0,0.0,10,auto,1,10,200,"{'max_depth': 10, 'max_features': 'auto', 'min_samples_leaf': 1, 'min_samples_split': 10, 'n_estimators': 200}",,,,,,,,163
89,0.0011997699737548828,0.0003883105004405761,0.0,0.0,10,auto,1,10,300,"{'max_depth': 10, 'max_features': 'auto', 'min_samples_leaf': 1, 'min_samples_split': 10, 'n_estimators': 300}",,,,,,,,163
90,0.001001882553100586,2.7902105023055635e-06,0.0,0.0,10,auto,2,2,100,"{'max_depth': 10, 'max_features': 'auto', 'min_samples_leaf': 2, 'min_samples_split': 2, 'n_estimators': 100}",,,,,,,,163
91,0.00040235519409179685,0.0004927907887822729,0.0,0.0,10,auto,2,2,200,"{'max_depth': 10, 'max_features': 'auto', 'min_samples_leaf': 2, 'min_samples_split': 2, 'n_estimators': 200}",,,,,,,,163
92,0.0005771636962890625,0.0004731232349276762,0.0,0.0,10,auto,2,2,300,"{'max_depth': 10, 'max_features': 'auto', 'min_samples_leaf': 2, 'min_samples_split': 2, 'n_estimators': 300}",,,,,,,,163
93,0.0007966995239257812,0.0003983710232869757,0.0,0.0,10,auto,2,5,100,"{'max_depth': 10, 'max_features': 'auto', 'min_samples_leaf': 2, 'min_samples_split': 5, 'n_estimators': 100}",,,,,,,,163
94,0.0004088878631591797,0.0005009492417395308,0.0,0.0,10,auto,2,5,200,"{'max_depth': 10, 'max_features': 'auto', 'min_samples_leaf': 2, 'min_samples_split': 5, 'n_estimators': 200}",,,,,,,,163
95,0.0003849029541015625,0.0004721375039688504,0.0,0.0,10,auto,2,5,300,"{'max_depth': 10, 'max_features': 'auto', 'min_samples_leaf': 2, 'min_samples_split': 5, 'n_estimators': 300}",,,,,,,,163
96,0.00040764808654785155,0.0004995685797431321,0.0,0.0,10,auto,2,10,100,"{'max_depth': 10, 'max_features': 'auto', 'min_samples_leaf': 2, 'min_samples_split': 10, 'n_estimators': 100}",,,,,,,,163
97,0.0003872394561767578,0.0004746529718329939,0.0,0.0,10,auto,2,10,200,"{'max_depth': 10, 'max_features': 'auto', 'min_samples_leaf': 2, 'min_samples_split': 10, 'n_estimators': 200}",,,,,,,,163
98,0.0005877494812011718,0.00048007934302803996,0.0,0.0,10,auto,2,10,300,"{'max_depth': 10, 'max_features': 'auto', 'min_samples_leaf': 2, 'min_samples_split': 10, 'n_estimators': 300}",,,,,,,,163
99,0.0003989696502685547,0.0004886523713945091,0.0,0.0,10,auto,4,2,100,"{'max_depth': 10, 'max_features': 'auto', 'min_samples_leaf': 4, 'min_samples_split': 2, 'n_estimators': 100}",,,,,,,,163
100,0.001249837875366211,0.00037522141156484375,0.0,0.0,10,auto,4,2,200,"{'max_depth': 10, 'max_features': 'auto', 'min_samples_leaf': 4, 'min_samples_split': 2, 'n_estimators': 200}",,,,,,,,163
101,0.0005968570709228516,0.0004891633609759257,0.0,0.0,10,auto,4,2,300,"{'max_depth': 10, 'max_features': 'auto', 'min_samples_leaf': 4, 'min_samples_split': 2, 'n_estimators': 300}",,,,,,,,163
102,0.0006069660186767579,0.0004956606179621733,0.0,0.0,10,auto,4,5,100,"{'max_depth': 10, 'max_features': 'auto', 'min_samples_leaf': 4, 'min_samples_split': 5, 'n_estimators': 100}",,,,,,,,163
103,0.0008185863494873047,0.0004117470389469949,0.0,0.0,10,auto,4,5,200,"{'max_depth': 10, 'max_features': 'auto', 'min_samples_leaf': 4, 'min_samples_split': 5, 'n_estimators': 200}",,,,,,,,163
104,0.000614166259765625,0.0005028138062285948,0.0,0.0,10,auto,4,5,300,"{'max_depth': 10, 'max_features': 'auto', 'min_samples_leaf': 4, 'min_samples_split': 5, 'n_estimators': 300}",,,,,,,,163
105,0.0003996849060058594,0.0004895126194160448,0.0,0.0,10,auto,4,10,100,"{'max_depth': 10, 'max_features': 'auto', 'min_samples_leaf': 4, 'min_samples_split': 10, 'n_estimators': 100}",,,,,,,,163
106,0.000200653076171875,0.00040130615234375,0.0,0.0,10,auto,4,10,200,"{'max_depth': 10, 'max_features': 'auto', 'min_samples_leaf': 4, 'min_samples_split': 10, 'n_estimators': 200}",,,,,,,,163
107,0.0008026599884033203,0.00040366975126665923,0.0,0.0,10,auto,4,10,300,"{'max_depth': 10, 'max_features': 'auto', 'min_samples_leaf': 4, 'min_samples_split': 10, 'n_estimators': 300}",,,,,,,,163
108,0.23319787979125978,0.008663005377028977,0.007002544403076172,0.0014120748925809318,10,sqrt,1,2,100,"{'max_depth': 10, 'max_features': 'sqrt', 'min_samples_leaf': 1, 'min_samples_split': 2, 'n_estimators': 100}",0.7653631284916201,0.797752808988764,0.8146067415730337,0.8202247191011236,0.8370786516853933,0.807005209967987,0.024317156391151257,131
109,0.45689926147460935,0.010208215288605391,0.014405107498168946,0.0013782781671478664,10,sqrt,1,2,200,"{'max_depth': 10, 'max_features': 'sqrt', 'min_samples_leaf': 1, 'min_samples_split': 2, 'n_estimators': 200}",0.7541899441340782,0.797752808988764,0.797752808988764,0.8089887640449438,0.8258426966292135,0.7969054045571526,0.023704097522038725,161
110,0.5437369823455811,0.036553609063326165,0.013599824905395509,0.0007977457496789458,10,sqrt,1,2,300,"{'max_depth': 10, 'max_features': 'sqrt', 'min_samples_leaf': 1, 'min_samples_split': 2, 'n_estimators': 300}",0.7597765363128491,0.797752808988764,0.797752808988764,0.8202247191011236,0.8370786516853933,0.8025171050153789,0.026000820568233423,154
111,0.1945971965789795,0.013841100299807715,0.006398725509643555,0.0013677505265575496,10,sqrt,1,5,100,"{'max_depth': 10, 'max_features': 'sqrt', 'min_samples_leaf': 1, 'min_samples_split': 5, 'n_estimators': 100}",0.776536312849162,0.8089887640449438,0.8033707865168539,0.8258426966292135,0.8314606741573034,0.8092398468394955,0.019356910057781434,108
112,0.3783708572387695,0.03698946270138306,0.011210775375366211,0.001153739018058128,10,sqrt,1,5,200,"{'max_depth': 10, 'max_features': 'sqrt', 'min_samples_leaf': 1, 'min_samples_split': 5, 'n_estimators': 200}",0.7597765363128491,0.8033707865168539,0.8089887640449438,0.8146067415730337,0.8370786516853933,0.8047642960266147,0.025237978678299286,143
113,0.5446497917175293,0.02823493852017596,0.013949346542358399,0.001456783651380009,10,sqrt,1,5,300,"{'max_depth': 10, 'max_features': 'sqrt', 'min_samples_leaf': 1, 'min_samples_split': 5, 'n_estimators': 300}",0.7653631284916201,0.8033707865168539,0.8033707865168539,0.8202247191011236,0.8426966292134831,0.8070052099679869,0.02533422130955487,133
114,0.1735851287841797,0.013505244438893494,0.007009315490722656,0.0021170717159920234,10,sqrt,1,10,100,"{'max_depth': 10, 'max_features': 'sqrt', 'min_samples_leaf': 1, 'min_samples_split': 10, 'n_estimators': 100}",0.770949720670391,0.8146067415730337,0.8089887640449438,0.8202247191011236,0.8314606741573034,0.8092461239093591,0.0205398770784084,103
115,0.342433500289917,0.016431552897152254,0.010366725921630859,0.001852667404373389,10,sqrt,1,10,200,"{'max_depth': 10, 'max_features': 'sqrt', 'min_samples_leaf': 1, 'min_samples_split': 10, 'n_estimators': 200}",0.7821229050279329,0.8146067415730337,0.8089887640449438,0.8202247191011236,0.8314606741573034,0.8114807607808675,0.016453080220379522,81
116,0.47220783233642577,0.03798221589113409,0.012185430526733399,0.0019515207235663576,10,sqrt,1,10,300,"{'max_depth': 10, 'max_features': 'sqrt', 'min_samples_leaf': 1, 'min_samples_split': 10, 'n_estimators': 300}",0.770949720670391,0.8146067415730337,0.8089887640449438,0.8146067415730337,0.8314606741573034,0.808122528403741,0.02005655547211871,121
117,0.17201719284057618,0.009551049068696575,0.005581426620483399,0.0012018241365395318,10,sqrt,2,2,100,"{'max_depth': 10, 'max_features': 'sqrt', 'min_samples_leaf': 2, 'min_samples_split': 2, 'n_estimators': 100}",0.7932960893854749,0.8202247191011236,0.8146067415730337,0.8202247191011236,0.8370786516853933,0.8170861841692298,0.014082015522148534,20
118,0.34199886322021483,0.02637200789951187,0.009623384475708008,0.0010023966647981256,10,sqrt,2,2,200,"{'max_depth': 10, 'max_features': 'sqrt', 'min_samples_leaf': 2, 'min_samples_split': 2, 'n_estimators': 200}",0.7597765363128491,0.8089887640449438,0.8089887640449438,0.8202247191011236,0.8370786516853933,0.8070114870378507,0.025758818723766126,127
119,0.4881866455078125,0.03694160047866887,0.014798593521118165,0.00416533752981653,10,sqrt,2,2,300,"{'max_depth': 10, 'max_features': 'sqrt', 'min_samples_leaf': 2, 'min_samples_split': 2, 'n_estimators': 300}",0.7653631284916201,0.8033707865168539,0.8033707865168539,0.8146067415730337,0.8370786516853933,0.804758018956751,0.023226824404539364,144
120,0.17818989753723144,0.026599280145560993,0.0046215057373046875,0.0010154006623306821,10,sqrt,2,5,100,"{'max_depth': 10, 'max_features': 'sqrt', 'min_samples_leaf': 2, 'min_samples_split': 5, 'n_estimators': 100}",0.776536312849162,0.8089887640449438,0.8146067415730337,0.8314606741573034,0.8426966292134831,0.8148578243675851,0.022599561204081364,29
121,0.3640094757080078,0.04496681736684456,0.010983419418334962,0.0031677414018481268,10,sqrt,2,5,200,"{'max_depth': 10, 'max_features': 'sqrt', 'min_samples_leaf': 2, 'min_samples_split': 5, 'n_estimators': 200}",0.7597765363128491,0.8089887640449438,0.8089887640449438,0.8146067415730337,0.8426966292134831,0.8070114870378507,0.026721066903356232,127
122,0.5107048511505127,0.023994952220094578,0.015578985214233398,0.0024042473097921975,10,sqrt,2,5,300,"{'max_depth': 10, 'max_features': 'sqrt', 'min_samples_leaf': 2, 'min_samples_split': 5, 'n_estimators': 300}",0.776536312849162,0.8146067415730337,0.8202247191011236,0.8146067415730337,0.8370786516853933,0.8126106333563493,0.019829189185440292,52
123,0.15442633628845215,0.0064081278727755745,0.004973316192626953,0.00091614297195633,10,sqrt,2,10,100,"{'max_depth': 10, 'max_features': 'sqrt', 'min_samples_leaf': 2, 'min_samples_split': 10, 'n_estimators': 100}",0.770949720670391,0.8033707865168539,0.8033707865168539,0.8089887640449438,0.8370786516853933,0.8047517418868873,0.0210208095356821,147
124,0.3024130821228027,0.004434247782363094,0.007581281661987305,0.0007948913671382078,10,sqrt,2,10,200,"{'max_depth': 10, 'max_features': 'sqrt', 'min_samples_leaf': 2, 'min_samples_split': 10, 'n_estimators': 200}",0.776536312849162,0.8146067415730337,0.8146067415730337,0.8202247191011236,0.8426966292134831,0.8137342288619672,0.021289220794682578,40
125,0.4899925231933594,0.03182997349765533,0.013015317916870116,0.00260249930684883,10,sqrt,2,10,300,"{'max_depth': 10, 'max_features': 'sqrt', 'min_samples_leaf': 2, 'min_samples_split': 10, 'n_estimators': 300}",0.7821229050279329,0.8202247191011236,0.8146067415730337,0.8146067415730337,0.8314606741573034,0.8126043562864854,0.016436353717118237,58
126,0.15484018325805665,0.005753764976378701,0.005176162719726563,0.0011274615772242115,10,sqrt,4,2,100,"{'max_depth': 10, 'max_features': 'sqrt', 'min_samples_leaf': 4, 'min_samples_split': 2, 'n_estimators': 100}",0.7821229050279329,0.8146067415730337,0.8146067415730337,0.8089887640449438,0.8370786516853933,0.8114807607808675,0.017566384219457103,81
127,0.33698444366455077,0.02813685435128185,0.011211252212524414,0.002964734855118069,10,sqrt,4,2,200,"{'max_depth': 10, 'max_features': 'sqrt', 'min_samples_leaf': 4, 'min_samples_split': 2, 'n_estimators': 200}",0.770949720670391,0.8146067415730337,0.8089887640449438,0.8089887640449438,0.8370786516853933,0.8081225284037412,0.021278253965397908,117
128,0.5042135715484619,0.03101223177997457,0.01418008804321289,0.0025508885071989238,10,sqrt,4,2,300,"{'max_depth': 10, 'max_features': 'sqrt', 'min_samples_leaf': 4, 'min_samples_split': 2, 'n_estimators': 300}",0.776536312849162,0.8202247191011236,0.8089887640449438,0.8089887640449438,0.8370786516853933,0.8103634423451134,0.01979394533763991,90
129,0.171173620223999,0.009726184124769667,0.0048217296600341795,0.0017232566188069105,10,sqrt,4,5,100,"{'max_depth': 10, 'max_features': 'sqrt', 'min_samples_leaf': 4, 'min_samples_split': 5, 'n_estimators': 100}",0.7821229050279329,0.8258426966292135,0.8033707865168539,0.8033707865168539,0.8370786516853933,0.8103571652752496,0.01922827056865399,99
130,0.3274427890777588,0.012581834721885168,0.009153652191162109,0.002441696113463142,10,sqrt,4,5,200,"{'max_depth': 10, 'max_features': 'sqrt', 'min_samples_leaf': 4, 'min_samples_split': 5, 'n_estimators': 200}",0.7653631284916201,0.8314606741573034,0.8033707865168539,0.8089887640449438,0.8426966292134831,0.8103759964848409,0.026707087441517924,87
131,0.5237257003784179,0.0771157844611778,0.015195941925048828,0.003081692060454158,10,sqrt,4,5,300,"{'max_depth': 10, 'max_features': 'sqrt', 'min_samples_leaf': 4, 'min_samples_split': 5, 'n_estimators': 300}",0.776536312849162,0.8202247191011236,0.8089887640449438,0.8089887640449438,0.848314606741573,0.8126106333563492,0.023066601361685736,56
132,0.21621928215026856,0.017080439741704086,0.006195068359375,0.0009464025902859215,10,sqrt,4,10,100,"{'max_depth': 10, 'max_features': 'sqrt', 'min_samples_leaf': 4, 'min_samples_split': 10, 'n_estimators': 100}",0.776536312849162,0.8146067415730337,0.8033707865168539,0.8089887640449438,0.8426966292134831,0.8092398468394955,0.021223524179545063,108
133,0.48277740478515624,0.03027898850032224,0.015631389617919923,0.002655139886023158,10,sqrt,4,10,200,"{'max_depth': 10, 'max_features': 'sqrt', 'min_samples_leaf': 4, 'min_samples_split': 10, 'n_estimators': 200}",0.770949720670391,0.8146067415730337,0.8033707865168539,0.8089887640449438,0.8370786516853933,0.8069989328981233,0.02135105061373863,135
134,0.6740230083465576,0.05996493389840975,0.019180965423583985,0.0025612145323555533,10,sqrt,4,10,300,"{'max_depth': 10, 'max_features': 'sqrt', 'min_samples_leaf': 4, 'min_samples_split': 10, 'n_estimators': 300}",0.776536312849162,0.8202247191011236,0.8146067415730337,0.8089887640449438,0.8426966292134831,0.8126106333563493,0.021361649907350955,52
135,0.24525341987609864,0.01830050806723012,0.00944066047668457,0.0023603005694249604,10,log2,1,2,100,"{'max_depth': 10, 'max_features': 'log2', 'min_samples_leaf': 1, 'min_samples_split': 2, 'n_estimators': 100}",0.770949720670391,0.8089887640449438,0.7921348314606742,0.8202247191011236,0.8370786516853933,0.8058753373925052,0.02279405716621421,140
136,0.4654553413391113,0.03081731028416883,0.012810420989990235,0.002207092095720579,10,log2,1,2,200,"{'max_depth': 10, 'max_features': 'log2', 'min_samples_leaf': 1, 'min_samples_split': 2, 'n_estimators': 200}",0.7653631284916201,0.8033707865168539,0.8033707865168539,0.8146067415730337,0.8314606741573034,0.8036344234511329,0.021723365393396605,152
137,0.6378364562988281,0.039827808236544755,0.019610261917114256,0.003884676144567978,10,log2,1,2,300,"{'max_depth': 10, 'max_features': 'log2', 'min_samples_leaf': 1, 'min_samples_split': 2, 'n_estimators': 300}",0.776536312849162,0.8033707865168539,0.797752808988764,0.8202247191011236,0.8314606741573034,0.8058690603226413,0.018939591440645904,142
138,0.22352566719055175,0.01804032181603135,0.006573104858398437,0.0017234043055117723,10,log2,1,5,100,"{'max_depth': 10, 'max_features': 'log2', 'min_samples_leaf': 1, 'min_samples_split': 5, 'n_estimators': 100}",0.776536312849162,0.8089887640449438,0.8089887640449438,0.8258426966292135,0.8370786516853933,0.8114870378507314,0.020469741374914165,75
139,0.42276430130004883,0.026218637784514415,0.011008024215698242,0.001652858764421327,10,log2,1,5,200,"{'max_depth': 10, 'max_features': 'log2', 'min_samples_leaf': 1, 'min_samples_split': 5, 'n_estimators': 200}",0.7597765363128491,0.8146067415730337,0.8089887640449438,0.8089887640449438,0.8370786516853933,0.8058878915322328,0.02527595602866215,139
140,0.6054238319396973,0.044365781528124024,0.015010833740234375,0.00199333937472332,10,log2,1,5,300,"{'max_depth': 10, 'max_features': 'log2', 'min_samples_leaf': 1, 'min_samples_split': 5, 'n_estimators': 300}",0.7653631284916201,0.8089887640449438,0.8146067415730337,0.8258426966292135,0.8426966292134831,0.8114995919904588,0.02578182182024062,68
141,0.17243309020996095,0.01319816696999473,0.004968166351318359,0.0012675490785586543,10,log2,1,10,100,"{'max_depth': 10, 'max_features': 'log2', 'min_samples_leaf': 1, 'min_samples_split': 10, 'n_estimators': 100}",0.770949720670391,0.8146067415730337,0.8089887640449438,0.8089887640449438,0.8314606741573034,0.8069989328981231,0.019817770290781515,136
142,0.39402079582214355,0.039571913225411454,0.010579538345336915,0.0010406529186698767,10,log2,1,10,200,"{'max_depth': 10, 'max_features': 'log2', 'min_samples_leaf': 1, 'min_samples_split': 10, 'n_estimators': 200}",0.776536312849162,0.8146067415730337,0.8033707865168539,0.8258426966292135,0.8314606741573034,0.8103634423451134,0.01947243188271633,90
143,0.6087649822235107,0.05608533571249951,0.014188051223754883,0.0007345669999285412,10,log2,1,10,300,"{'max_depth': 10, 'max_features': 'log2', 'min_samples_leaf': 1, 'min_samples_split': 10, 'n_estimators': 300}",0.7821229050279329,0.8146067415730337,0.8089887640449438,0.8202247191011236,0.8370786516853933,0.8126043562864854,0.017906769611630777,58
144,0.1795741081237793,0.02187926836617517,0.006231117248535156,0.0018881333326781762,10,log2,2,2,100,"{'max_depth': 10, 'max_features': 'log2', 'min_samples_leaf': 2, 'min_samples_split': 2, 'n_estimators': 100}",0.7541899441340782,0.8146067415730337,0.8146067415730337,0.8089887640449438,0.8426966292134831,0.8070177641077144,0.028923450613968442,126
145,0.33882966041564944,0.011737100019775407,0.009769248962402343,0.001597669226499654,10,log2,2,2,200,"{'max_depth': 10, 'max_features': 'log2', 'min_samples_leaf': 2, 'min_samples_split': 2, 'n_estimators': 200}",0.776536312849162,0.8089887640449438,0.8089887640449438,0.8258426966292135,0.8370786516853933,0.8114870378507314,0.020469741374914165,75
146,0.5236345291137695,0.03599974073960957,0.01417856216430664,0.002548874149297206,10,log2,2,2,300,"{'max_depth': 10, 'max_features': 'log2', 'min_samples_leaf': 2, 'min_samples_split': 2, 'n_estimators': 300}",0.770949720670391,0.8089887640449438,0.8089887640449438,0.8146067415730337,0.8426966292134831,0.8092461239093591,0.022866654744752656,103
147,0.20081791877746583,0.04336158901297121,0.00557093620300293,0.0013140327668473488,10,log2,2,5,100,"{'max_depth': 10, 'max_features': 'log2', 'min_samples_leaf': 2, 'min_samples_split': 5, 'n_estimators': 100}",0.7597765363128491,0.8146067415730337,0.8089887640449438,0.8033707865168539,0.8314606741573034,0.8036407005209968,0.02386187137751312,151
148,0.38184490203857424,0.024128950970176696,0.011401605606079102,0.0024910638936858614,10,log2,2,5,200,"{'max_depth': 10, 'max_features': 'log2', 'min_samples_leaf': 2, 'min_samples_split': 5, 'n_estimators': 200}",0.770949720670391,0.8146067415730337,0.8089887640449438,0.8258426966292135,0.8370786516853933,0.8114933149205952,0.022451117781178684,70
149,0.512361478805542,0.027754358506463784,0.013406944274902344,0.0012075448088892683,10,log2,2,5,300,"{'max_depth': 10, 'max_features': 'log2', 'min_samples_leaf': 2, 'min_samples_split': 5, 'n_estimators': 300}",0.776536312849162,0.8089887640449438,0.8089887640449438,0.8258426966292135,0.8370786516853933,0.8114870378507314,0.020469741374914165,75
150,0.15559868812561034,0.003197578622421316,0.004604244232177734,0.00046025518539355626,10,log2,2,10,100,"{'max_depth': 10, 'max_features': 'log2', 'min_samples_leaf': 2, 'min_samples_split': 10, 'n_estimators': 100}",0.776536312849162,0.8258426966292135,0.8089887640449438,0.8089887640449438,0.8314606741573034,0.8103634423451134,0.019145519967464403,90
151,0.32800469398498533,0.01736027577632276,0.01039900779724121,0.0017689596231649086,10,log2,2,10,200,"{'max_depth': 10, 'max_features': 'log2', 'min_samples_leaf': 2, 'min_samples_split': 10, 'n_estimators': 200}",0.776536312849162,0.8089887640449438,0.8033707865168539,0.8089887640449438,0.8370786516853933,0.8069926558282594,0.019255351503985708,137
152,0.48978567123413086,0.04449094158555819,0.013417387008666992,0.0025701893173904183,10,log2,2,10,300,"{'max_depth': 10, 'max_features': 'log2', 'min_samples_leaf': 2, 'min_samples_split': 10, 'n_estimators': 300}",0.776536312849162,0.8146067415730337,0.8089887640449438,0.8146067415730337,0.8370786516853933,0.8103634423451134,0.01947243188271633,90
153,0.15540785789489747,0.003519391821347089,0.0048274040222167965,0.0007753751600021813,10,log2,4,2,100,"{'max_depth': 10, 'max_features': 'log2', 'min_samples_leaf': 4, 'min_samples_split': 2, 'n_estimators': 100}",0.7653631284916201,0.8146067415730337,0.8089887640449438,0.8033707865168539,0.8426966292134831,0.8070052099679869,0.024830896724778295,133
154,0.37319021224975585,0.04052632513774916,0.012388896942138673,0.0036973412401298932,10,log2,4,2,200,"{'max_depth': 10, 'max_features': 'log2', 'min_samples_leaf': 4, 'min_samples_split': 2, 'n_estimators': 200}",0.7653631284916201,0.8202247191011236,0.8033707865168539,0.797752808988764,0.8370786516853933,0.804758018956751,0.02402830367975761,144
155,0.5605428218841553,0.03804507124284922,0.017583131790161133,0.003948792179365002,10,log2,4,2,300,"{'max_depth': 10, 'max_features': 'log2', 'min_samples_leaf': 4, 'min_samples_split': 2, 'n_estimators': 300}",0.770949720670391,0.8202247191011236,0.8089887640449438,0.8089887640449438,0.8370786516853933,0.8092461239093591,0.021734424878655605,103
156,0.18096179962158204,0.01952559508324427,0.005421066284179687,0.0008023149941188739,10,log2,4,5,100,"{'max_depth': 10, 'max_features': 'log2', 'min_samples_leaf': 4, 'min_samples_split': 5, 'n_estimators': 100}",0.776536312849162,0.8258426966292135,0.8033707865168539,0.8089887640449438,0.8370786516853933,0.8103634423451134,0.020728586006691932,90
157,0.3500333309173584,0.035545789857352614,0.010168981552124024,0.001324169519848874,10,log2,4,5,200,"{'max_depth': 10, 'max_features': 'log2', 'min_samples_leaf': 4, 'min_samples_split': 5, 'n_estimators': 200}",0.7653631284916201,0.8202247191011236,0.8146067415730337,0.8089887640449438,0.8370786516853933,0.809252400979223,0.02387341073432755,102
158,0.4839817523956299,0.023255312115506514,0.014005184173583984,0.0022118343878373445,10,log2,4,5,300,"{'max_depth': 10, 'max_features': 'log2', 'min_samples_leaf': 4, 'min_samples_split': 5, 'n_estimators': 300}",0.776536312849162,0.8146067415730337,0.8089887640449438,0.8089887640449438,0.8426966292134831,0.8103634423451134,0.02103090455589755,90
159,0.1887821674346924,0.01226631745090994,0.005419111251831055,0.0013511483207741034,10,log2,4,10,100,"{'max_depth': 10, 'max_features': 'log2', 'min_samples_leaf': 4, 'min_samples_split': 10, 'n_estimators': 100}",0.776536312849162,0.8146067415730337,0.8033707865168539,0.8089887640449438,0.8426966292134831,0.8092398468394955,0.021223524179545063,108
160,0.3331003189086914,0.0085627805909222,0.008595800399780274,0.0013625014459285817,10,log2,4,10,200,"{'max_depth': 10, 'max_features': 'log2', 'min_samples_leaf': 4, 'min_samples_split': 10, 'n_estimators': 200}",0.770949720670391,0.8314606741573034,0.8146067415730337,0.8089887640449438,0.8370786516853933,0.8126169104262131,0.023266894048362758,51
161,0.47243661880493165,0.0066350727218452135,0.012397146224975586,0.00045854302462622603,10,log2,4,10,300,"{'max_depth': 10, 'max_features': 'log2', 'min_samples_leaf': 4, 'min_samples_split': 10, 'n_estimators': 300}",0.776536312849162,0.8202247191011236,0.8089887640449438,0.8089887640449438,0.8426966292134831,0.8114870378507313,0.021374852461788347,80
162,0.00018405914306640625,0.0003681182861328125,0.0,0.0,15,auto,1,2,100,"{'max_depth': 15, 'max_features': 'auto', 'min_samples_leaf': 1, 'min_samples_split': 2, 'n_estimators': 100}",,,,,,,,163
163,0.0005938529968261719,0.0004865055607261471,0.0,0.0,15,auto,1,2,200,"{'max_depth': 15, 'max_features': 'auto', 'min_samples_leaf': 1, 'min_samples_split': 2, 'n_estimators': 200}",,,,,,,,163
164,0.0008040428161621094,0.0004021473562752839,0.0,0.0,15,auto,1,2,300,"{'max_depth': 15, 'max_features': 'auto', 'min_samples_leaf': 1, 'min_samples_split': 2, 'n_estimators': 300}",,,,,,,,163
165,0.00019989013671875,0.0003997802734375,0.0,0.0,15,auto,1,5,100,"{'max_depth': 15, 'max_features': 'auto', 'min_samples_leaf': 1, 'min_samples_split': 5, 'n_estimators': 100}",,,,,,,,163
166,0.00021352767944335938,0.00042705535888671876,0.0,0.0,15,auto,1,5,200,"{'max_depth': 15, 'max_features': 'auto', 'min_samples_leaf': 1, 'min_samples_split': 5, 'n_estimators': 200}",,,,,,,,163
167,0.00038971900939941404,0.00047879863714158483,0.0,0.0,15,auto,1,5,300,"{'max_depth': 15, 'max_features': 'auto', 'min_samples_leaf': 1, 'min_samples_split': 5, 'n_estimators': 300}",,,,,,,,163
168,0.0004187583923339844,0.0005134753271157329,0.0,0.0,15,auto,1,10,100,"{'max_depth': 15, 'max_features': 'auto', 'min_samples_leaf': 1, 'min_samples_split': 10, 'n_estimators': 100}",,,,,,,,163
169,0.0005931377410888672,0.0004847940423150791,0.0,0.0,15,auto,1,10,200,"{'max_depth': 15, 'max_features': 'auto', 'min_samples_leaf': 1, 'min_samples_split': 10, 'n_estimators': 200}",,,,,,,,163
170,0.0006005287170410157,0.0004905366728629884,0.0,0.0,15,auto,1,10,300,"{'max_depth': 15, 'max_features': 'auto', 'min_samples_leaf': 1, 'min_samples_split': 10, 'n_estimators': 300}",,,,,,,,163
171,0.000609445571899414,0.0005027136198209126,0.0,0.0,15,auto,2,2,100,"{'max_depth': 15, 'max_features': 'auto', 'min_samples_leaf': 2, 'min_samples_split': 2, 'n_estimators': 100}",,,,,,,,163
172,0.0007959365844726563,0.0004013124130489516,0.0,0.0,15,auto,2,2,200,"{'max_depth': 15, 'max_features': 'auto', 'min_samples_leaf': 2, 'min_samples_split': 2, 'n_estimators': 200}",,,,,,,,163
173,0.0010179519653320313,6.010127120104772e-05,0.0,0.0,15,auto,2,2,300,"{'max_depth': 15, 'max_features': 'auto', 'min_samples_leaf': 2, 'min_samples_split': 2, 'n_estimators': 300}",,,,,,,,163
174,0.0,0.0,0.0,0.0,15,auto,2,5,100,"{'max_depth': 15, 'max_features': 'auto', 'min_samples_leaf': 2, 'min_samples_split': 5, 'n_estimators': 100}",,,,,,,,163
175,0.0008148193359375,0.00040968045469380956,0.0,0.0,15,auto,2,5,200,"{'max_depth': 15, 'max_features': 'auto', 'min_samples_leaf': 2, 'min_samples_split': 5, 'n_estimators': 200}",,,,,,,,163
176,0.0006201744079589843,0.0005090227931102256,0.0,0.0,15,auto,2,5,300,"{'max_depth': 15, 'max_features': 'auto', 'min_samples_leaf': 2, 'min_samples_split': 5, 'n_estimators': 300}",,,,,,,,163
177,0.0005976200103759765,0.0004891916910294984,0.0,0.0,15,auto,2,10,100,"{'max_depth': 15, 'max_features': 'auto', 'min_samples_leaf': 2, 'min_samples_split': 10, 'n_estimators': 100}",,,,,,,,163
178,0.0001915454864501953,0.0003830909729003906,0.0,0.0,15,auto,2,10,200,"{'max_depth': 15, 'max_features': 'auto', 'min_samples_leaf': 2, 'min_samples_split': 10, 'n_estimators': 200}",,,,,,,,163
179,0.0004193305969238281,0.0005138916640376445,0.0,0.0,15,auto,2,10,300,"{'max_depth': 15, 'max_features': 'auto', 'min_samples_leaf': 2, 'min_samples_split': 10, 'n_estimators': 300}",,,,,,,,163
180,0.0006165504455566406,0.000505091636448053,0.0,0.0,15,auto,4,2,100,"{'max_depth': 15, 'max_features': 'auto', 'min_samples_leaf': 4, 'min_samples_split': 2, 'n_estimators': 100}",,,,,,,,163
181,0.00039401054382324217,0.00048316136774425585,0.0,0.0,15,auto,4,2,200,"{'max_depth': 15, 'max_features': 'auto', 'min_samples_leaf': 4, 'min_samples_split': 2, 'n_estimators': 200}",,,,,,,,163
182,0.0007809162139892578,0.0003916942142152397,0.0,0.0,15,auto,4,2,300,"{'max_depth': 15, 'max_features': 'auto', 'min_samples_leaf': 4, 'min_samples_split': 2, 'n_estimators': 300}",,,,,,,,163
183,0.00018944740295410157,0.00037889480590820314,0.0,0.0,15,auto,4,5,100,"{'max_depth': 15, 'max_features': 'auto', 'min_samples_leaf': 4, 'min_samples_split': 5, 'n_estimators': 100}",,,,,,,,163
184,0.00020842552185058595,0.0004168510437011719,0.0,0.0,15,auto,4,5,200,"{'max_depth': 15, 'max_features': 'auto', 'min_samples_leaf': 4, 'min_samples_split': 5, 'n_estimators': 200}",,,,,,,,163
185,0.0007953643798828125,0.00040763846212125905,0.0,0.0,15,auto,4,5,300,"{'max_depth': 15, 'max_features': 'auto', 'min_samples_leaf': 4, 'min_samples_split': 5, 'n_estimators': 300}",,,,,,,,163
186,0.00019621849060058594,0.0003924369812011719,0.0,0.0,15,auto,4,10,100,"{'max_depth': 15, 'max_features': 'auto', 'min_samples_leaf': 4, 'min_samples_split': 10, 'n_estimators': 100}",,,,,,,,163
187,0.0009937286376953125,3.599125680450236e-05,0.0,0.0,15,auto,4,10,200,"{'max_depth': 15, 'max_features': 'auto', 'min_samples_leaf': 4, 'min_samples_split': 10, 'n_estimators': 200}",,,,,,,,163
188,0.0006020069122314453,0.0004920545919177551,0.0,0.0,15,auto,4,10,300,"{'max_depth': 15, 'max_features': 'auto', 'min_samples_leaf': 4, 'min_samples_split': 10, 'n_estimators': 300}",,,,,,,,163
189,0.1748058795928955,0.005627518730543212,0.005205202102661133,0.0017196238498642618,15,sqrt,1,2,100,"{'max_depth': 15, 'max_features': 'sqrt', 'min_samples_leaf': 1, 'min_samples_split': 2, 'n_estimators': 100}",0.7932960893854749,0.797752808988764,0.797752808988764,0.8146067415730337,0.8202247191011236,0.8047266336074319,0.01063703895090844,150
190,0.3278012752532959,0.006982542742365289,0.01060643196105957,0.0009982821316217633,15,sqrt,1,2,200,"{'max_depth': 15, 'max_features': 'sqrt', 'min_samples_leaf': 1, 'min_samples_split': 2, 'n_estimators': 200}",0.770949720670391,0.8033707865168539,0.797752808988764,0.8089887640449438,0.8146067415730337,0.7991337643587972,0.01517058835917781,157
191,0.509222412109375,0.014483554822390252,0.014571142196655274,0.0010545496848329736,15,sqrt,1,2,300,"{'max_depth': 15, 'max_features': 'sqrt', 'min_samples_leaf': 1, 'min_samples_split': 2, 'n_estimators': 300}",0.7877094972067039,0.797752808988764,0.7921348314606742,0.8146067415730337,0.8202247191011236,0.8024857196660597,0.012723752224203045,155
192,0.16637201309204103,0.005308542011464057,0.005243253707885742,0.0009701922966062514,15,sqrt,1,5,100,"{'max_depth': 15, 'max_features': 'sqrt', 'min_samples_leaf': 1, 'min_samples_split': 5, 'n_estimators': 100}",0.770949720670391,0.8089887640449438,0.8089887640449438,0.8258426966292135,0.8146067415730337,0.8058753373925052,0.018515498417875562,140
193,0.33562231063842773,0.013573709324245505,0.008774757385253906,0.00114055899816834,15,sqrt,1,5,200,"{'max_depth': 15, 'max_features': 'sqrt', 'min_samples_leaf': 1, 'min_samples_split': 5, 'n_estimators': 200}",0.770949720670391,0.8089887640449438,0.7865168539325843,0.8258426966292135,0.8314606741573034,0.8047517418868873,0.02302709520874414,147
194,0.5251884460449219,0.037357950953745424,0.014812755584716796,0.0024595990952220284,15,sqrt,1,5,300,"{'max_depth': 15, 'max_features': 'sqrt', 'min_samples_leaf': 1, 'min_samples_split': 5, 'n_estimators': 300}",0.7653631284916201,0.8033707865168539,0.797752808988764,0.8258426966292135,0.8426966292134831,0.807005209967987,0.026312001895927663,131
195,0.17360563278198243,0.0076166343769924144,0.004812812805175782,0.0007221011431034803,15,sqrt,1,10,100,"{'max_depth': 15, 'max_features': 'sqrt', 'min_samples_leaf': 1, 'min_samples_split': 10, 'n_estimators': 100}",0.7597765363128491,0.8089887640449438,0.8089887640449438,0.8258426966292135,0.8314606741573034,0.8070114870378507,0.025263954655574926,127
196,0.3268718719482422,0.0073473303207314015,0.008763313293457031,0.0011066232392232945,15,sqrt,1,10,200,"{'max_depth': 15, 'max_features': 'sqrt', 'min_samples_leaf': 1, 'min_samples_split': 10, 'n_estimators': 200}",0.7877094972067039,0.8089887640449438,0.8089887640449438,0.8146067415730337,0.8426966292134831,0.8125980792166217,0.017637762119141098,63
197,0.49718456268310546,0.009305170629097222,0.013812446594238281,0.0011763888383053646,15,sqrt,1,10,300,"{'max_depth': 15, 'max_features': 'sqrt', 'min_samples_leaf': 1, 'min_samples_split': 10, 'n_estimators': 300}",0.7821229050279329,0.8089887640449438,0.8033707865168539,0.8258426966292135,0.848314606741573,0.8137279517921036,0.022233369052255758,44
198,0.19550347328186035,0.02156962239098021,0.007019233703613281,0.00200961861690232,15,sqrt,2,2,100,"{'max_depth': 15, 'max_features': 'sqrt', 'min_samples_leaf': 2, 'min_samples_split': 2, 'n_estimators': 100}",0.776536312849162,0.8033707865168539,0.8089887640449438,0.8202247191011236,0.8370786516853933,0.8092398468394952,0.019998482547181885,112
199,0.3903363227844238,0.033195100869409654,0.010594749450683593,0.0017496067565545344,15,sqrt,2,2,200,"{'max_depth': 15, 'max_features': 'sqrt', 'min_samples_leaf': 2, 'min_samples_split': 2, 'n_estimators': 200}",0.770949720670391,0.8089887640449438,0.8146067415730337,0.8202247191011236,0.8426966292134831,0.811493314920595,0.02327931905000024,72
200,0.52392578125,0.04241024200899681,0.012434434890747071,0.0019002370961546692,15,sqrt,2,2,300,"{'max_depth': 15, 'max_features': 'sqrt', 'min_samples_leaf': 2, 'min_samples_split': 2, 'n_estimators': 300}",0.770949720670391,0.8033707865168539,0.8146067415730337,0.8258426966292135,0.8539325842696629,0.813740505931831,0.027207348011198514,39
201,0.1737743854522705,0.030436659866149268,0.006218910217285156,0.001189401946337977,15,sqrt,2,5,100,"{'max_depth': 15, 'max_features': 'sqrt', 'min_samples_leaf': 2, 'min_samples_split': 5, 'n_estimators': 100}",0.7653631284916201,0.8146067415730337,0.8089887640449438,0.8089887640449438,0.8595505617977528,0.8114995919904588,0.029865471220369536,68
202,0.3512070655822754,0.03741417752183005,0.009641170501708984,0.0015020482728932312,15,sqrt,2,5,200,"{'max_depth': 15, 'max_features': 'sqrt', 'min_samples_leaf': 2, 'min_samples_split': 5, 'n_estimators': 200}",0.7877094972067039,0.8033707865168539,0.8146067415730337,0.8258426966292135,0.8370786516853933,0.8137216747222397,0.017187350895336614,48
203,0.5056075572967529,0.03387949278031176,0.014592504501342774,0.0021845207486023057,15,sqrt,2,5,300,"{'max_depth': 15, 'max_features': 'sqrt', 'min_samples_leaf': 2, 'min_samples_split': 5, 'n_estimators': 300}",0.7877094972067039,0.8089887640449438,0.8089887640449438,0.8146067415730337,0.8370786516853933,0.8114744837110038,0.015763988359809404,85
204,0.17819085121154785,0.017635287076247768,0.005572652816772461,0.0013601898716066104,15,sqrt,2,10,100,"{'max_depth': 15, 'max_features': 'sqrt', 'min_samples_leaf': 2, 'min_samples_split': 10, 'n_estimators': 100}",0.776536312849162,0.8033707865168539,0.8033707865168539,0.8202247191011236,0.8370786516853933,0.8081162513338773,0.020138356502701762,123
205,0.3291745185852051,0.01832677462026278,0.010204362869262695,0.0017602067795084967,15,sqrt,2,10,200,"{'max_depth': 15, 'max_features': 'sqrt', 'min_samples_leaf': 2, 'min_samples_split': 10, 'n_estimators': 200}",0.776536312849162,0.8033707865168539,0.8146067415730337,0.8089887640449438,0.8370786516853933,0.8081162513338773,0.01950138624367539,123
206,0.4828001022338867,0.037665933818806306,0.012620115280151367,0.0020352480287299077,15,sqrt,2,10,300,"{'max_depth': 15, 'max_features': 'sqrt', 'min_samples_leaf': 2, 'min_samples_split': 10, 'n_estimators': 300}",0.7821229050279329,0.8146067415730337,0.8089887640449438,0.8146067415730337,0.8314606741573034,0.8103571652752495,0.016003261281355187,100
207,0.15021142959594727,0.005971229720466375,0.004975366592407227,0.0011248372618804525,15,sqrt,4,2,100,"{'max_depth': 15, 'max_features': 'sqrt', 'min_samples_leaf': 4, 'min_samples_split': 2, 'n_estimators': 100}",0.776536312849162,0.8202247191011236,0.8089887640449438,0.8146067415730337,0.8258426966292135,0.8092398468394952,0.01728993798052337,112
208,0.325427770614624,0.030020539101304037,0.009992551803588868,0.001757640460779583,15,sqrt,4,2,200,"{'max_depth': 15, 'max_features': 'sqrt', 'min_samples_leaf': 4, 'min_samples_split': 2, 'n_estimators': 200}",0.770949720670391,0.8202247191011236,0.8033707865168539,0.8089887640449438,0.8370786516853933,0.8081225284037412,0.02186351822147731,117
209,0.4920322895050049,0.02026671767010333,0.013773107528686523,0.003161161533565943,15,sqrt,4,2,300,"{'max_depth': 15, 'max_features': 'sqrt', 'min_samples_leaf': 4, 'min_samples_split': 2, 'n_estimators': 300}",0.770949720670391,0.8202247191011236,0.8089887640449438,0.8089887640449438,0.8370786516853933,0.8092461239093591,0.021734424878655605,103
210,0.1494138717651367,0.005448023796675099,0.005000448226928711,0.001259642288534374,15,sqrt,4,5,100,"{'max_depth': 15, 'max_features': 'sqrt', 'min_samples_leaf': 4, 'min_samples_split': 5, 'n_estimators': 100}",0.776536312849162,0.8258426966292135,0.797752808988764,0.8033707865168539,0.848314606741573,0.8103634423451134,0.024625589094905167,90
211,0.31560416221618653,0.026326530582112893,0.008396530151367187,0.0008046242612909705,15,sqrt,4,5,200,"{'max_depth': 15, 'max_features': 'sqrt', 'min_samples_leaf': 4, 'min_samples_split': 5, 'n_estimators': 200}",0.770949720670391,0.8146067415730337,0.797752808988764,0.8033707865168539,0.8370786516853933,0.8047517418868873,0.021613046308660934,147
212,0.4820441722869873,0.015812639387474854,0.014552927017211914,0.003580498502878989,15,sqrt,4,5,300,"{'max_depth': 15, 'max_features': 'sqrt', 'min_samples_leaf': 4, 'min_samples_split': 5, 'n_estimators': 300}",0.776536312849162,0.8202247191011236,0.8146067415730337,0.8089887640449438,0.8370786516853933,0.8114870378507314,0.019843411368788744,75
213,0.1455991744995117,0.0016034605848582306,0.004601287841796875,0.0008035361549063757,15,sqrt,4,10,100,"{'max_depth': 15, 'max_features': 'sqrt', 'min_samples_leaf': 4, 'min_samples_split': 10, 'n_estimators': 100}",0.776536312849162,0.8202247191011236,0.8089887640449438,0.8089887640449438,0.8314606741573034,0.8092398468394952,0.018352546449408383,112
214,0.3401813983917236,0.030844288488638492,0.00901808738708496,0.0020803006381113183,15,sqrt,4,10,200,"{'max_depth': 15, 'max_features': 'sqrt', 'min_samples_leaf': 4, 'min_samples_split': 10, 'n_estimators': 200}",0.7821229050279329,0.8202247191011236,0.8089887640449438,0.8089887640449438,0.8426966292134831,0.8126043562864854,0.01959019502037354,58
215,0.47780232429504393,0.0198634174085137,0.011983394622802734,0.001418063442491217,15,sqrt,4,10,300,"{'max_depth': 15, 'max_features': 'sqrt', 'min_samples_leaf': 4, 'min_samples_split': 10, 'n_estimators': 300}",0.770949720670391,0.8202247191011236,0.8089887640449438,0.8089887640449438,0.8370786516853933,0.8092461239093591,0.021734424878655605,103
216,0.16901030540466308,0.010308020694303088,0.004720735549926758,0.001234077397390284,15,log2,1,2,100,"{'max_depth': 15, 'max_features': 'log2', 'min_samples_leaf': 1, 'min_samples_split': 2, 'n_estimators': 100}",0.7597765363128491,0.8089887640449438,0.7921348314606742,0.8033707865168539,0.7921348314606742,0.7912811499591991,0.017051200156725326,162
217,0.43100175857543943,0.042692576222717764,0.013782691955566407,0.0044553828768090315,15,log2,1,2,200,"{'max_depth': 15, 'max_features': 'log2', 'min_samples_leaf': 1, 'min_samples_split': 2, 'n_estimators': 200}",0.776536312849162,0.797752808988764,0.7921348314606742,0.8033707865168539,0.8202247191011236,0.7980038917833155,0.01426838871564243,160
218,0.6266309738159179,0.05952895304868133,0.017967844009399415,0.004255700168490367,15,log2,1,2,300,"{'max_depth': 15, 'max_features': 'log2', 'min_samples_leaf': 1, 'min_samples_split': 2, 'n_estimators': 300}",0.7541899441340782,0.8089887640449438,0.7921348314606742,0.8146067415730337,0.8202247191011236,0.7980290000627707,0.02385033304582769,159
219,0.22377481460571289,0.03709342685100932,0.008827829360961914,0.002999645107820804,15,log2,1,5,100,"{'max_depth': 15, 'max_features': 'log2', 'min_samples_leaf': 1, 'min_samples_split': 5, 'n_estimators': 100}",0.770949720670391,0.8033707865168539,0.7921348314606742,0.8089887640449438,0.8202247191011236,0.7991337643587972,0.016752475207366162,157
220,0.375772762298584,0.01986051809294956,0.01002507209777832,0.001992956720588999,15,log2,1,5,200,"{'max_depth': 15, 'max_features': 'log2', 'min_samples_leaf': 1, 'min_samples_split': 5, 'n_estimators': 200}",0.7653631284916201,0.8146067415730337,0.797752808988764,0.8146067415730337,0.8258426966292135,0.8036344234511329,0.021134220279208853,152
221,0.49280686378479005,0.01376664089004229,0.012198305130004883,0.001950364043832745,15,log2,1,5,300,"{'max_depth': 15, 'max_features': 'log2', 'min_samples_leaf': 1, 'min_samples_split': 5, 'n_estimators': 300}",0.770949720670391,0.797752808988764,0.7921348314606742,0.8146067415730337,0.8258426966292135,0.8002573598644153,0.018929871476970894,156
222,0.15662083625793458,0.010902602228029572,0.004980039596557617,0.0008795731473248237,15,log2,1,10,100,"{'max_depth': 15, 'max_features': 'log2', 'min_samples_leaf': 1, 'min_samples_split': 10, 'n_estimators': 100}",0.776536312849162,0.8146067415730337,0.8089887640449438,0.8089887640449438,0.8370786516853933,0.8092398468394955,0.019356910057781434,108
223,0.3181890964508057,0.012487217181453352,0.008617401123046875,0.0010121582116187121,15,log2,1,10,200,"{'max_depth': 15, 'max_features': 'log2', 'min_samples_leaf': 1, 'min_samples_split': 10, 'n_estimators': 200}",0.776536312849162,0.8089887640449438,0.8033707865168539,0.8033707865168539,0.8426966292134831,0.8069926558282594,0.021130938766574917,137
224,0.4671968460083008,0.006998277726755271,0.012793397903442383,0.0011954876875130713,15,log2,1,10,300,"{'max_depth': 15, 'max_features': 'log2', 'min_samples_leaf': 1, 'min_samples_split': 10, 'n_estimators': 300}",0.7932960893854749,0.8033707865168539,0.8089887640449438,0.8202247191011236,0.8370786516853933,0.8125918021467579,0.015021323279498445,65
225,0.15396537780761718,0.0034409195132760508,0.004451370239257813,0.00047501094155768826,15,log2,2,2,100,"{'max_depth': 15, 'max_features': 'log2', 'min_samples_leaf': 2, 'min_samples_split': 2, 'n_estimators': 100}",0.770949720670391,0.8089887640449438,0.8146067415730337,0.8146067415730337,0.848314606741573,0.811493314920595,0.024597764907486008,72
226,0.3201836109161377,0.007426709760728759,0.0078013896942138675,0.0016138312987062113,15,log2,2,2,200,"{'max_depth': 15, 'max_features': 'log2', 'min_samples_leaf': 2, 'min_samples_split': 2, 'n_estimators': 200}",0.770949720670391,0.8089887640449438,0.8089887640449438,0.8258426966292135,0.8370786516853933,0.8103697194149773,0.022407723951303818,88
227,0.4753786563873291,0.006864923426548209,0.012409830093383789,0.0007973186208769985,15,log2,2,2,300,"{'max_depth': 15, 'max_features': 'log2', 'min_samples_leaf': 2, 'min_samples_split': 2, 'n_estimators': 300}",0.7653631284916201,0.8089887640449438,0.8089887640449438,0.8202247191011236,0.8370786516853933,0.8081288054736049,0.02372672294012341,116
228,0.1724229335784912,0.016474898138931965,0.005158329010009765,0.0007501299703112574,15,log2,2,5,100,"{'max_depth': 15, 'max_features': 'log2', 'min_samples_leaf': 2, 'min_samples_split': 5, 'n_estimators': 100}",0.770949720670391,0.797752808988764,0.8202247191011236,0.8258426966292135,0.8426966292134831,0.8114933149205952,0.024853062327335026,70
229,0.39319329261779784,0.023357120847042848,0.013407230377197266,0.006860120873333956,15,log2,2,5,200,"{'max_depth': 15, 'max_features': 'log2', 'min_samples_leaf': 2, 'min_samples_split': 5, 'n_estimators': 200}",0.770949720670391,0.8089887640449438,0.8089887640449438,0.8146067415730337,0.8370786516853933,0.8081225284037412,0.021278253965397908,117
230,0.8142433643341065,0.17158628237386175,0.01681694984436035,0.002724374485221564,15,log2,2,5,300,"{'max_depth': 15, 'max_features': 'log2', 'min_samples_leaf': 2, 'min_samples_split': 5, 'n_estimators': 300}",0.776536312849162,0.8089887640449438,0.8146067415730337,0.8314606741573034,0.848314606741573,0.815981419873203,0.024048890745131116,24
231,0.2187882900238037,0.05233190012424234,0.0074061393737792965,0.002499277118484633,15,log2,2,10,100,"{'max_depth': 15, 'max_features': 'log2', 'min_samples_leaf': 2, 'min_samples_split': 10, 'n_estimators': 100}",0.776536312849162,0.8146067415730337,0.8146067415730337,0.8202247191011236,0.8370786516853933,0.8126106333563493,0.019829189185440292,52
232,0.45340237617492674,0.024449721182513668,0.011198282241821289,0.0017123876446027994,15,log2,2,10,200,"{'max_depth': 15, 'max_features': 'log2', 'min_samples_leaf': 2, 'min_samples_split': 10, 'n_estimators': 200}",0.7821229050279329,0.8146067415730337,0.8089887640449438,0.8202247191011236,0.8426966292134831,0.8137279517921033,0.019511552526433183,46
233,0.7127882480621338,0.07922750215172876,0.02124333381652832,0.003627816522446238,15,log2,2,10,300,"{'max_depth': 15, 'max_features': 'log2', 'min_samples_leaf': 2, 'min_samples_split': 10, 'n_estimators': 300}",0.776536312849162,0.8146067415730337,0.8202247191011236,0.8146067415730337,0.8370786516853933,0.8126106333563493,0.019829189185440292,52
234,0.22974767684936523,0.02338788721916632,0.005611705780029297,0.001213470930398068,15,log2,4,2,100,"{'max_depth': 15, 'max_features': 'log2', 'min_samples_leaf': 4, 'min_samples_split': 2, 'n_estimators': 100}",0.776536312849162,0.8146067415730337,0.8033707865168539,0.8089887640449438,0.8370786516853933,0.8081162513338775,0.019501386243675395,122
235,0.43435049057006836,0.06861564459566678,0.010423564910888672,0.001460531810913129,15,log2,4,2,200,"{'max_depth': 15, 'max_features': 'log2', 'min_samples_leaf': 4, 'min_samples_split': 2, 'n_estimators': 200}",0.7821229050279329,0.8146067415730337,0.8146067415730337,0.8146067415730337,0.8370786516853933,0.8126043562864854,0.017550718769371646,58
236,0.6273909091949463,0.06471953064570758,0.018802976608276366,0.006043989947704158,15,log2,4,2,300,"{'max_depth': 15, 'max_features': 'log2', 'min_samples_leaf': 4, 'min_samples_split': 2, 'n_estimators': 300}",0.776536312849162,0.8202247191011236,0.8089887640449438,0.8089887640449438,0.8370786516853933,0.8103634423451134,0.01979394533763991,90
237,0.254986047744751,0.049565079067674836,0.00898728370666504,0.0022630247269669296,15,log2,4,5,100,"{'max_depth': 15, 'max_features': 'log2', 'min_samples_leaf': 4, 'min_samples_split': 5, 'n_estimators': 100}",0.7932960893854749,0.8202247191011236,0.8089887640449438,0.8089887640449438,0.8314606741573034,0.8125918021467579,0.012748208111532997,65
238,0.4778148174285889,0.02628628480214253,0.011995887756347657,0.0026088951448340713,15,log2,4,5,200,"{'max_depth': 15, 'max_features': 'log2', 'min_samples_leaf': 4, 'min_samples_split': 5, 'n_estimators': 200}",0.770949720670391,0.8202247191011236,0.8089887640449438,0.8089887640449438,0.8426966292134831,0.810369719414977,0.02323747186087981,89
239,0.708796215057373,0.08481631443745591,0.014008569717407226,0.0006429150577737742,15,log2,4,5,300,"{'max_depth': 15, 'max_features': 'log2', 'min_samples_leaf': 4, 'min_samples_split': 5, 'n_estimators': 300}",0.770949720670391,0.8202247191011236,0.8033707865168539,0.8089887640449438,0.8370786516853933,0.8081225284037412,0.02186351822147731,117
240,0.20978565216064454,0.03153320272168743,0.006236553192138672,0.0019385911576283701,15,log2,4,10,100,"{'max_depth': 15, 'max_features': 'log2', 'min_samples_leaf': 4, 'min_samples_split': 10, 'n_estimators': 100}",0.7597765363128491,0.8146067415730337,0.8033707865168539,0.8089887640449438,0.848314606741573,0.8070114870378507,0.02832645577319521,127
241,0.4177867412567139,0.04258552815197421,0.010422563552856446,0.0020631863899501215,15,log2,4,10,200,"{'max_depth': 15, 'max_features': 'log2', 'min_samples_leaf': 4, 'min_samples_split': 10, 'n_estimators': 200}",0.776536312849162,0.8258426966292135,0.8089887640449438,0.8089887640449438,0.848314606741573,0.8137342288619672,0.02354205324232232,40
242,0.659032678604126,0.08680888770852828,0.017403078079223634,0.005209407294280512,15,log2,4,10,300,"{'max_depth': 15, 'max_features': 'log2', 'min_samples_leaf': 4, 'min_samples_split': 10, 'n_estimators': 300}",0.776536312849162,0.8202247191011236,0.8089887640449438,0.8089887640449438,0.8370786516853933,0.8103634423451134,0.01979394533763991,90
